{"cameraMode":{"drawMode":0,"name":"Shaded","section":"Shading Mode"},"sceneLighting":true,"audioPlay":false,"sceneViewState":{"m_AlwaysRefresh":false,"showFog":true,"showSkybox":true,"showFlares":true,"showImageEffects":true,"showParticleSystems":true,"showVisualEffectGraphs":true,"m_FxEnabled":true},"in2DMode":false,"pivot":{"x":316.97064208984377,"y":316.5158996582031,"z":52.01968765258789},"rotation":{"x":0.003744151908904314,"y":0.9153551459312439,"z":-0.4025408625602722,"w":0.008513965643942356},"size":1.5298120975494385,"orthographic":false}